{
  "(8, 0.5)": {
    "L": 8,
    "g": 0.5,
    "E0": -8.509082235140289,
    "E0_per_spin": -1.063635279392536
  },
  "(8, 1.0)": {
    "L": 8,
    "g": 1.0,
    "E0": -10.251661790966036,
    "E0_per_spin": -1.2814577238707545
  },
  "(8, 1.5)": {
    "L": 8,
    "g": 1.5,
    "E0": -13.385005233150766,
    "E0_per_spin": -1.6731256541438457
  },
  "(10, 0.5)": {
    "L": 10,
    "g": 0.5,
    "E0": -10.635604409347959,
    "E0_per_spin": -1.0635604409347958
  },
  "(10, 1.0)": {
    "L": 10,
    "g": 1.0,
    "E0": -12.78490644299937,
    "E0_per_spin": -1.278490644299937
  },
  "(10, 1.5)": {
    "L": 10,
    "g": 1.5,
    "E0": -16.723024913948436,
    "E0_per_spin": -1.6723024913948437
  }
}