{
  "n_exact_configs": 6,
  "n_vmc_configs": 12,
  "best_error": 0.004142991817793984,
  "worst_error": 0.24907100731551957
}